Date,01,02,03,06,07,08,10,11,13,14,16,17,18,20,22,23,24,25,26,27,28,29,30,31,32,33,35,36,37,38,41,42,43,45,46,47,49,50,52,55,56,58,59,60,61,62,63,64,66,68,69,70,71,72,73,74,75,77,78,79,80,81,82,84,85,86,88,93,94,95,96,53,65,99,09,00,15,51,21,19,91,90
2020-11-01,1929316.02946,8017.0233,0.10872,3681159.94235,11588.29813,41345.44816,1830131.88478,271.32784,5491.22959,13093.66736,113246.3002,26005.74221,9072.99285,305615.29657,278304.83164,88983.30145,1460714.23498,71758.13176,1557.57158,18847.30086,133099.36095,87476.45819,113962.97329,15612.91015,28144.86922,615276.11881,12762740.20878,53394.42881,2813.11545,78577.21151,772023.53158,18656.31151,35891.74604,297778.33639,4073664.66649,1266356.49066,868306.49624,116789.70788,1982807.58353,169515.12292,83734.9243,1857.114,103.71859,0.4682,4060.97387,1260.49998,7889.00824,18707.32866,33.29314,3583596.00891,1865.97474,3941932.60415,10536.39035,1001.2348,2984.28676,210.54141,394.43934,124829.76062,0.393,178.50084,4589.16197,211267.07193,980.92507,3715.17586,5150.90884,77568.90105,62.30984,9745.16488,0.08153,291.43463,5614.18873,,,,,,,,,,,
2020-08-01,1824995.54391,6622.99541,,2873540.56468,13432.0269,43840.95688,1879865.80647,404259.51078,552.09978,14439.23336,89071.57617,24974.7559,4621.95142,440602.70321,263128.17817,126248.0187,1393296.19697,34685.423,48.1704,4808.19022,195701.51729,87253.92373,116220.32922,5900.46375,26802.38201,636948.21916,12435872.46808,37516.67399,0.90069,83513.14299,803582.75881,20702.18454,38608.06824,150509.01065,3589203.96004,1310730.68205,479220.24396,10898.0587,1692364.35458,169067.04343,80942.17908,1938.72226,1618.38215,1521.71604,2277.92471,1541.63951,10880.04482,23434.41734,50.02876,2944008.20592,1879.47063,3625718.38218,237243.12966,269.73384,1914.40603,217.47771,438.58871,141869.67998,0.26913,472.47507,5171.85973,167379.9664,1221.99166,4233.51382,5971.92198,11161.94428,62.16478,8226.92346,56.62529,1419.27619,5689.71276,5.99305,123.60531,2510.62,,,,,,,,
2020-09-01,1846113.94574,8754.00982,16.13359,2020230.96239,11588.29813,42041.90039,1858880.65621,395890.82924,507.76966,13730.92696,95813.54842,25920.28953,8072.55376,447930.11276,266444.29524,129043.26417,1380442.30752,32641.37698,47.7957,13215.37193,197701.71872,87210.1183,112257.50756,15186.39019,25825.26615,600502.59703,12803612.91897,52136.86146,3.10681,84610.55942,810448.90665,19495.11211,37308.33131,136243.27286,3950949.97533,1254114.34966,457837.1715,10847.88732,1737923.64981,170293.36008,81830.81439,2226.94485,1615.69842,1555.47404,2193.37238,1438.37351,9528.87069,22668.66624,41.28596,3234361.61639,1701.29636,3956484.72177,67925.43339,170.30215,1857.52464,281.59965,406.95106,135678.52718,0.01217,533.23791,5189.29544,191634.85193,1237.76319,4062.61559,5473.08201,35250.6083,63.21154,7823.61509,,1310.88643,5511.416,0.0802,,2510.62259,,,,,,,,
2020-10-01,1968868.58597,8249.37003,0.22013,3999789.85376,11588.29813,41785.64571,1791975.88226,390227.64541,2470.95332,10960.10346,102342.19028,92667.93529,8578.58552,470738.8006,269578.67037,91338.63797,1416782.23714,31862.91994,49.22735,13359.81328,129082.8042,87274.67562,114365.74714,15117.96793,24272.99646,612653.36384,12850054.62239,50751.19918,477.55157,87807.94632,823085.63697,19037.95243,37257.84997,270459.60453,3875144.08816,1389350.86369,472763.97875,123611.42938,1764925.75301,169941.7075,84920.5691,2259.89682,101.72199,16.87351,4172.76703,1334.24016,8592.09487,21426.34195,34.07853,3584201.46512,1626.21403,3938799.81191,11066.22364,1106.10261,1787.81587,247.97172,430.28554,132499.60923,20.54585,533.97181,8885.43129,213226.47784,1025.27747,3888.82541,5328.96073,38967.85761,61.26303,10581.54609,,429.06066,5319.86492,,,1418.77185,,,,,,,,
2020-02-01,1684238.12231,5986.62233,0.19103,2031961.78403,75078.631,44097.46524,1520602.73765,278.33179,256.75344,9394.84596,86114.63474,17803.13086,58433.11559,195144.06426,226468.09283,115479.39636,1292506.22979,55594.75851,74802.34321,39475.19008,191146.41917,106807.76508,117860.0925,5635.57323,27922.3243,955954.6357,9868333.51522,12163.37488,,95226.86321,332655.80422,79236.68145,17612.83692,283858.86796,4793226.83231,1562237.7216,592398.13115,101.66667,1547701.10778,572315.02822,75343.632,330.8169,1618.09033,1521.62567,10894.7577,953.1353,11867.22522,10446.59167,101.25,3334911.72197,798.77957,4243921.6268,235442.07121,168.32266,1265.75505,96.55435,,165705.80712,,477.01517,4295.79331,131234.38978,628353.03251,5697.11396,4753.92897,772.6921,118.59998,10003.21891,,1527.47296,2413.42337,22.9512,79.90792,,1.94754,,,,,,,
2020-12-01,2183293.44469,9272.18647,0.00243,3706024.14944,11588.2994,41245.33075,1825201.18808,304.06407,16371.74479,13123.44487,113373.03871,26467.0998,8642.20052,303832.81166,274179.94478,89598.39477,1459529.22186,72288.37733,1564.38651,20796.40247,867134.64075,116998.35046,117758.99688,15806.88081,46582.72706,4939.97805,12997466.29372,52403.48634,2723.32974,76300.81094,706344.81232,84061.07381,34145.34115,256456.32503,4369179.53965,1280537.40755,970098.96966,108941.70261,1837525.51966,169389.99893,83913.69496,1540.87589,103.13525,24.64527,4360.3478,1245.95891,7163.59347,16253.85508,0.212,3609605.00899,1899.68267,3923196.96371,5824.60041,1086.39182,3850.18673,180.1445,412.98684,163013.24784,2638.34995,36.28156,925.46345,217435.60648,955.1209,3963.72932,4714.06531,82702.72533,63.35724,10796.41517,0.00088,219.46511,5765.27407,,,,,,,,,,,
2020-03-01,1692250.72535,7124.6124,23.53005,2028670.1556,49626.179,40605.70126,1497368.41937,262.55051,654.07058,9504.08926,87409.74486,17584.1056,6694.56041,576779.03984,232331.42995,124567.37805,1266352.33134,49433.79177,74722.56193,40356.64919,191065.3306,107221.07256,115879.68011,5726.92097,27018.8126,576672.47401,10102674.33568,13198.24839,,92618.22416,359391.57032,79572.9627,32023.63822,297341.86594,4407718.56704,1649713.87045,822919.1649,93.56959,1532617.7507,556065.24293,74274.52705,316.10878,1518.21617,1569.50019,14308.32407,1006.58138,12913.02129,10775.15425,93.16667,2356373.49041,735.3736,4112228.32841,235212.43656,168.32266,1191.92937,490.37114,156.86991,160089.21988,,614.60017,4288.14019,122861.56906,1476.80418,5454.25225,4510.7697,1774.96815,120.31411,9664.3627,,1351.20601,3156.04275,20.37212,58.25314,,,,,,,,,
2020-06-01,1810007.93285,11125.97942,,1858755.32198,15649.62083,41757.30291,1541789.51464,361.17188,702.41728,10220.65203,88292.52717,17912.06284,5297.68001,615892.77805,247171.7729,124147.66058,1356112.44541,40408.83593,3451.96998,10417.30677,186563.09282,107553.0215,122515.35803,6064.75587,27477.22735,628621.61893,11515239.4133,12309.08125,0.94219,81639.24672,722637.06454,36937.00564,35104.12779,262700.31582,3877256.32508,1524141.74345,513256.26749,68.0992,1613495.78681,398570.78792,78536.23672,306.98803,1517.33334,1549.9815,14845.91878,1228.99193,12279.98722,19326.81712,67.51007,2890046.86374,1713.754,3616756.46271,221263.77093,168.32266,2114.56215,302.13719,411.77165,137735.54149,0.38392,85.08141,3647.12287,106017.63633,1429.55938,4785.88191,5564.2861,9146.47556,61.90591,9036.23109,,1448.65991,5749.36054,12.35928,119.79712,,15.33532,,,,,,,
2020-07-01,1853053.65802,10577.02414,,2823327.15388,15039.10074,41691.50735,1796504.19992,387320.3602,587.3615,10012.82667,86288.52536,21845.20983,5080.60227,550974.29653,252890.5496,131373.98747,1344543.06674,38491.5534,46.43242,13407.89513,191889.94339,87242.0874,118954.15509,5936.0038,27763.59546,620553.9022,11682623.39824,22958.45123,1.45068,82488.00796,748378.62115,34772.75633,29984.54604,222720.44696,3306952.49942,1457068.84864,493566.71502,59.28857,1609198.54686,270094.37822,78529.53096,1627.71958,1516.17271,1545.904,2334.5411,1408.9263,11613.89393,19839.83283,58.58857,2754084.35292,2088.9665,3619510.65279,224903.54691,168.32266,1990.64694,267.93855,406.945,145793.63299,20.87726,1073.5342,4528.53222,130447.21536,1495.36696,4561.24541,6017.94784,10465.6285,61.1186,8616.06255,0.03119,1402.28707,5553.50614,9.04833,340.13121,2509.41995,,,,,,,,
2020-05-01,1835100.12406,7012.81692,0.18908,1855517.25191,18663.79116,41911.5793,1505990.69364,379.50434,671.41676,10260.08835,88177.80925,17758.73522,5691.39109,698758.78417,244499.43627,130042.77943,1369873.65215,41001.35071,45629.80268,39026.20187,186420.80086,107403.30769,121121.46522,7172.14261,27176.64647,630425.2851,11189468.57776,12745.02627,2.31978,83149.56232,733875.30669,37796.53736,33741.24775,245045.77651,4114066.80395,1517217.50235,546842.23968,76.59567,1598163.96145,414107.86568,78292.97132,307.06008,1620.95994,1524.36968,15155.25737,1283.29044,11530.81375,13721.09914,76.20583,2904949.18832,1847.93861,3610877.05752,222169.20715,168.32266,2021.12424,335.74646,423.81769,142656.2529,21.05433,597.40255,4595.6598,108663.93839,1594.18017,5013.78182,3714.67303,5455.95015,60.85246,9312.04489,,1790.27349,5087.50757,15.08608,308.41061,,1813.22806,,,,,,,
2020-04-01,1872375.33346,6875.43723,34.13342,2030391.25002,24239.881,43649.27515,1525745.69895,395.40495,701.94449,10189.61451,96031.28825,17941.71792,6168.14745,724798.24649,237661.95087,129270.63104,1434766.28479,36931.54941,79840.86213,39555.76285,191416.64251,107378.01731,113485.52747,8329.05618,27505.45308,657352.58147,12024389.08003,13468.10703,5.79788,85860.92874,759167.93624,84266.40498,37004.0362,310027.22797,4420132.84483,1551576.51042,578860.96773,85.18138,1674000.4943,414248.30308,80202.38434,307.63089,1618.45994,1522.23571,19133.03232,1360.64436,12726.9861,14434.01237,84.77113,2960876.08053,1914.71221,3614929.64238,243454.53145,168.32266,2198.31516,369.5507,425.03442,160674.35047,21.1519,936.77612,4663.84841,114792.37618,1627.26146,8240.77862,4189.78501,2527.51274,118.34278,9760.70913,,2003.49803,3568.94222,17.76401,500.69869,,,,,,,,,
2021-07-01,1964040.05929,5015.32159,1335.01736,3416936.6341,7956.99266,78397.49022,932380.96639,1139882.01614,22629.19163,47381.9058,116712.46419,25698.04716,10733.35123,136131.15697,350998.47311,88459.95198,57031.7085,246925.72556,1563.77642,100019.40502,783657.71587,199803.0113,1330135.35002,8167.55298,37080.1998,5187.79962,12989319.73966,45228.64595,7687.07541,66697.17325,961169.68882,150348.10006,59013.09029,267315.68814,4961492.58224,1540258.48286,3326858.57525,79420.03013,1817751.77896,169087.00929,79866.88052,1544.27487,16525.10245,248.80652,7219.43117,1787.37837,6724.91292,107327.91227,488.72277,4414294.46998,5416.88117,1868763.51313,166321.38622,3186.07729,4341.49994,319.91506,762.58505,67027.65658,,0.36935,2993.41458,157051.37585,710.54841,2508.68974,11517.93453,386625.96812,,4704.45952,16.34315,669.95103,6675.11047,,,,,13588.15,9530.99744,2318.84031,,,,
2021-06-01,1952313.24827,6658.13399,1363.46607,3490949.25079,7956.99266,79964.2956,1199516.84904,5547.91295,22875.29648,38896.80893,116678.6974,26179.00729,6804.33858,126528.32674,339788.6234,101911.12067,221604.99144,249880.86063,1673.82023,99805.10207,792102.31701,199154.61142,1372945.2715,10501.81178,38469.23171,5522.90756,13533845.68067,47416.88416,7838.68882,66466.63206,932441.74534,105527.46171,49623.3337,253045.46061,4885246.38588,1519412.03605,4354527.16194,90946.53036,1837777.07924,169154.9747,78780.58791,632.15443,16544.37964,220.70231,7546.14915,1959.63814,6245.80592,12056.82796,322.22978,4480594.54715,4981.64361,1885672.60388,160300.89739,2755.06392,4093.28128,421.55473,620.56931,55873.44611,,50.54504,2490.89555,158053.66285,709.08341,2718.57167,11374.37605,364598.92531,,4327.20593,0.07427,557.85182,6499.35817,,,,,,10257.42053,2319.25775,,,,
2021-04-01,1845064.62786,5404.19898,1201.21471,3932039.27175,8482.28731,65539.1963,1099167.38953,5577.0305,24920.02398,33263.72814,113885.77433,25094.25323,7506.58963,384223.23436,316039.50913,84601.59004,541360.6535,186948.14844,1646.13356,90143.92726,817939.71303,64314.16226,1338667.88441,7349.84555,40482.33653,6985.92967,14032396.78603,52711.73511,4906.91851,70146.58746,953321.36171,25430.06694,45173.53527,182448.80707,4533480.59893,1313749.77711,2798111.80637,113674.69961,1771399.59579,179324.96474,83767.14365,1139.13906,14910.72514,77.78518,7932.38155,1144.95348,5984.21354,13511.40578,331.0365,4278844.80259,3260.67611,1931190.56629,8143.66843,1024.05864,4262.27603,344.59352,692.13892,60541.74691,,,2560.80357,176179.29949,784.77009,3136.11909,4602.62079,353599.79774,,3490.78919,,478.99501,6622.97292,,,,,,10210.07746,2318.25119,,,,
2021-05-01,1907993.54898,5556.19598,1391.51221,3520242.55119,7956.99266,80579.19808,1331791.36133,5525.44861,24060.2647,33592.74252,113626.71017,26011.36393,7196.78662,392685.13964,336121.26593,88269.7851,541094.31712,188557.09142,1693.51765,101498.52891,800253.63056,131212.76675,1381675.37986,10288.44539,39693.73803,6700.98868,13885630.7429,51908.56126,5764.64022,67797.28065,994641.68723,57141.94555,46663.54192,181796.83126,4961018.55864,1377025.69551,2836578.83289,102982.72698,1807454.45247,167775.9921,77912.99058,781.56293,16365.96573,249.89176,7996.56106,1935.52024,6442.30091,12472.65678,327.62733,4485754.44941,3159.24811,1901132.6117,39884.58958,2585.66985,4176.63808,338.52468,637.57271,57179.75757,,261.93355,2567.51539,171878.28499,786.20541,2926.264,1465.54917,368998.76902,,3462.52053,2.8527,462.53106,6203.01396,,,,,,10253.97742,2317.82098,,,,
2021-09-01,2025024.52026,4830.79202,1515.50729,3122055.85692,7956.99266,85792.84206,2011867.32292,1109612.85824,21371.21831,52675.7114,119496.95593,31553.66186,10313.08438,118072.7073,373047.59483,108705.31661,56122.06333,236306.63449,2779.78099,110652.04558,772158.63468,199973.11334,1302354.29963,8833.07992,34440.48585,5572.15188,12073670.43454,40940.59842,7358.73662,64393.69837,967169.42065,779481.35086,62513.51483,197095.84303,5565745.87202,1736165.83202,1913988.40773,4332.53974,1757525.29494,336452.36152,76565.18684,2470.20626,19736.55955,233.69016,6632.03284,2675.68897,7706.3209,168555.811,469.42625,4347786.59079,77789.57452,1848743.35475,193773.9772,2590.07262,4745.97517,541.26725,718.78456,91033.07538,,485.98311,3276.29462,170393.70322,2943.06442,2100.26006,11200.56234,417360.63124,,5298.86358,0.03339,716.47176,8060.67536,,,,,13430.05,2334.76294,2175.594,1899.24536,,,
2021-10-01,1981598.58865,5206.11802,1595.20506,3548721.85945,7956.99266,85235.13799,2127707.72142,1088471.08577,36262.12491,54049.47997,129172.72478,31912.01636,10007.34082,106670.55789,374174.3885,100521.08211,61192.15273,447574.94899,3631.66055,224065.08495,762063.87244,199837.19239,1267252.98605,9283.90651,34307.20136,8428.17197,11740305.4413,39267.27147,7189.85044,59658.83676,1371733.84831,671938.47571,62154.57499,189550.16971,5813350.07046,1654705.34341,1958719.07644,2231.07913,1741282.10361,334212.68185,75343.96873,2689.68485,19673.81384,197.3865,6697.26699,3073.1643,7305.65347,272411.12385,459.18387,4278004.64125,76650.87436,1831836.03536,202533.90991,2533.46232,5112.29239,618.67872,691.68697,89584.46845,,486.95353,2819.17722,186025.7714,2422.89009,1894.0143,10817.06229,413651.01601,,5555.91379,132480.4992,584.85739,8934.83595,,,,,223670.4936,328.87341,2102.50493,1869.32454,,,
2021-11-01,1934488.44994,5872.03375,1533.07941,3525678.89123,7956.99266,83719.0889,2372914.91739,1069381.9094,33224.37212,53811.71704,130099.21414,33106.30383,9690.48722,94201.52152,386555.9888,101942.30644,59903.55936,469098.09052,3896.69663,254760.27395,756147.44037,25007.25784,1233869.72724,11521.07042,37321.82101,11390.0626,11528605.48683,40303.4551,7027.45153,62200.11057,1628657.87128,809000.269,72995.30174,226538.85222,5968557.14499,1680633.16699,2160501.49525,1172.02853,2095404.09138,333888.50947,78133.06987,2633.23747,19606.90285,104.4714,6286.4434,3515.4813,7862.76205,272874.43689,388.9316,4184351.84146,76976.63763,1817444.39366,213407.07924,2590.80239,5653.57704,680.76275,668.73501,95103.96016,,2.4232,3412.99116,211449.10754,2468.64156,1693.09235,10503.30264,409208.66885,0.00062,5431.66762,131350.6972,523.88318,10591.02838,,,,,1844062.44412,307.81164,2030.96281,1838.22771,0.00225,,
2021-08-01,2007482.70999,5321.15251,1536.67987,3091670.8041,7956.99266,81436.22498,962636.76902,1122838.08193,21314.21225,47410.05586,117482.54665,26497.98163,10766.71343,126638.54188,359402.61707,94732.55112,56029.05816,243017.85188,1939.28554,96379.21074,774222.67791,199923.03041,1313278.29771,9553.08188,35780.20373,5547.2295,12309780.69942,42954.38394,7523.65778,63595.75646,959507.47246,759261.40089,60582.58802,232245.17548,5134217.76713,1762420.47535,1806291.95788,67738.67766,1768150.32542,169031.09374,77926.5142,2197.28855,19754.23565,207.14902,6743.79193,2719.41242,7902.23453,160805.71489,479.57199,4376704.62425,7722.04984,1850052.31658,187901.8953,3300.18212,4759.98641,391.54397,741.93444,84642.39738,,,3132.79978,162415.78336,509.63219,2307.1232,11131.19344,417070.44301,,5621.94968,13.33821,618.1284,6984.24348,,,,,13443.35,9101.87721,2247.92041,,,,
2021-03-01,1805700.8075,6677.23126,,4019157.72572,8482.28731,44124.02715,1013668.56632,5507.16636,19561.35989,31776.92751,113350.89322,27880.58135,7420.16622,71810.76279,307182.55729,81173.18811,530941.60447,98950.6492,1581.17916,86558.09593,837426.15175,96552.95732,1392241.59166,6881.04658,40722.39544,6568.01458,14467373.26352,53982.57055,2445.26923,71610.80438,931294.29085,33057.28179,38628.67307,177426.72191,4539412.12322,1343286.8215,1779335.58112,119367.53533,1757660.37295,178875.88766,83577.17897,1128.62956,83.82567,39.8816,4872.57838,1120.69935,8973.88114,13878.54542,,4102054.69593,3076.30077,3394462.69081,2270.74227,946.94654,3163.83025,350.19241,648.47725,147829.36168,4756.09766,1.47,2655.64426,182917.77416,1123.21641,3336.85933,4007.1778,347384.08402,,10337.0974,,114.87499,5124.9695,,,,,,50.00215,2295.04065,,,,
2021-12-01,1897811.28355,5551.67406,1553.62101,3587885.35317,7956.99266,78345.33953,981974.91828,1087879.09553,33325.73695,52576.16613,132111.57541,32034.84272,10491.83841,100190.88725,389061.19335,126186.16083,66928.19194,457665.28135,3965.35437,261044.10011,762883.06152,24794.26336,1254234.32887,14642.75754,45313.41146,11691.46296,10555720.43928,39373.86157,6860.08934,67805.51738,1680379.96248,798574.37974,103856.14454,236197.77973,6162217.18808,2924475.87587,2098960.8801,,2184737.60405,339974.61944,79130.7036,2347.76658,18521.79823,67.16874,5815.2144,6781.95719,7902.40626,254927.5928,428.70779,4384526.8028,8829.91154,1873271.46327,221595.86503,2606.00641,5487.32915,866.96606,638.9811,103885.90068,,100.4465,3843.1298,226174.04824,2831.00799,1790.99768,10152.25917,417127.7108,,5256.86879,135869.5,508.17567,11489.09811,,,,,1862034.9326,320.96009,1957.83655,3081.50223,,,
2021-02-01,1822891.51887,7110.74574,,4036807.99573,8482.28731,43335.16238,1881941.92068,5577.84581,19144.51593,26543.60889,112465.30281,28317.53051,7817.66229,185456.24951,301094.91069,80803.83741,1433107.06758,81448.83073,1587.38633,100917.04029,860809.81408,96815.96171,1379648.3892,6940.74559,43836.2185,6869.87897,13346716.663,52862.92529,2540.279,72937.13895,686932.84796,71704.20027,35040.90303,178417.47004,4573220.91366,1292379.25695,1643204.27527,125660.39603,1774976.66335,168207.30784,83020.04684,1505.13272,105.96101,39.97079,4795.26333,1115.35963,6428.97539,13793.17052,,4170391.22452,2071.35526,3419257.36389,2372.94751,1062.26806,3188.80536,469.51217,395.76023,152882.08665,3020.27833,0.60823,2672.19812,188436.6875,846.95657,3550.48985,4175.07971,353983.84482,,9439.90419,,154.14544,5344.63925,,,,,,,,,,,
2022-12-01,7271023.25507,7822.39978,1153.50179,3939927.30521,6376.7,151141.15672,3383401.09826,658330.65348,32453.24905,51969.8952,125312.98516,39480.67022,19572.44019,100543.52662,399367.47179,250400.4713,80341.83704,414865.20471,3978.03528,335883.82397,833547.30568,181.06705,1557568.57311,22424.00428,67190.12716,14792.32753,12819068.12509,24458.02888,4575.86359,74980.32344,1093258.93441,846081.9327,110524.37756,240130.49538,9238470.96047,3128908.16653,1978180.79266,,2475897.07643,408838.96344,119352.82051,3891.06164,21921.05998,,16084.15789,4528.83899,4503.0494,225125.83948,285.50623,6959931.58799,7368.85468,4543898.61794,144567.0602,2343.93146,5657.00967,704.74178,578.06071,1415493.41419,149.97855,0.86863,2222.02796,198005.4792,1803.85407,,12784.05656,537205.48316,,13761.22301,7e-05,123.01695,10444.09182,,,,23670.7129,1670393.25401,77.82047,1773.21371,2616.48225,2713.27261,64020.63844,
2022-02-01,2055259.4533,9049.20738,1438.49591,3701975.63145,6376.7,76445.65617,1043984.43905,1121205.70574,37987.25369,55846.67355,140774.83931,33404.22316,19402.06981,123464.76251,398135.84377,142163.62655,67308.98066,483081.39018,8160.06247,272311.30642,779346.98242,84.265,1299505.18582,16586.42282,52098.32796,11497.64595,10473064.61618,41616.36093,6586.50451,70556.01684,1771552.35213,192649.57556,89315.98187,216893.72969,5045698.70467,3247830.32006,2789008.17623,,1878321.4551,347979.67664,77778.75685,4090.35333,16374.81905,0.85627,5832.94477,6993.01186,7966.42935,314354.16167,409.04741,5143016.84189,8520.16662,1220485.82114,284402.4983,2490.33876,5139.29442,984.59753,829.11545,104476.7446,194.54702,660.873,3379.448,239451.25168,2609.4453,1890.51804,9670.29484,439940.7927,,10116.49382,143916.50158,445.80212,11740.24356,,,,15071.82047,3881101.59889,303.61439,1815.09805,3000.52048,,,
2022-03-01,2186729.55511,8708.71857,1385.05123,3758514.46115,6376.7,76016.22465,1055980.72987,1228141.06442,34157.39232,59199.08832,141504.7472,32606.72034,24064.77741,123938.56142,415237.4396,145515.89797,65465.94193,473748.00805,7636.87511,276160.51487,774720.56975,280.97256,1340213.44469,23837.45732,57557.75155,13928.17535,10025551.01085,39865.45812,6040.91644,70463.92302,1802901.93502,696521.62996,79459.40847,213118.85543,5762120.54295,3490487.92263,2795681.3147,,1836197.55498,350575.40691,76540.63375,4026.13005,18275.21234,22.52146,5772.83489,6798.98219,7554.79772,338461.26282,398.23226,5166269.13611,8792.93688,1237340.01042,282256.30277,2806.26598,5234.1766,941.86497,802.74946,102005.88059,186.10683,1.23479,3299.2864,239220.59873,2494.29003,2953.86703,10128.79526,433463.59983,,10183.32536,146268.91875,367.06153,12822.21338,,,,15054.08437,4018438.13755,143.85105,1740.55027,2943.7652,,64162.14377,
2022-11-01,7758698.4634,6790.92659,1695.01257,3934150.48062,6376.7,151119.32554,3567424.41104,881018.784,33827.26873,61644.02647,129710.18547,40245.68747,19141.50879,104408.38475,403840.3879,234832.01036,77902.50038,407603.17746,4788.25472,327609.56025,828028.20269,181.13764,1504182.16051,23773.14176,68636.30321,10873.75696,12652569.78214,26325.73298,4872.43852,77977.53226,1066933.18638,843662.17504,113960.48611,243035.38138,8704212.25137,4378261.60746,2018277.48582,,2473068.5576,408990.37647,119570.13564,3959.17141,21616.27434,0.1393,15953.15629,4786.00985,4597.89574,255005.61145,294.40169,6964250.96505,7550.05276,4545027.83715,149988.68137,2592.05648,4251.8632,741.06032,605.38251,89389.49092,155.52878,0.87392,2393.62005,202108.21432,1825.64817,,4612.06336,538698.04969,,14138.52639,0.00377,152.11754,10748.99179,,,,23368.12246,1603287.15434,86.35137,1762.82812,2665.46742,2673.64428,64180.53349,
2022-01-01,1978221.73918,5615.84891,1508.80083,3602272.98648,6956.99266,76154.12008,1008263.51078,1083981.11686,29819.21468,49721.4473,139292.72261,36979.7211,10934.45659,120324.70199,393527.26101,137370.24234,68216.87699,514468.64401,4802.3337,243576.2838,755035.15645,231.19169,1260544.19814,14673.6765,48280.05596,11939.57592,10269952.96089,43633.96086,6696.74231,74824.88839,1709684.31759,451605.6096,90688.717,202172.28275,5263561.53424,3181892.25024,2032855.55652,,1885206.96687,340816.81599,75611.9503,1192.09257,17436.00172,18.37399,4983.93878,6949.36723,8046.86298,276230.62105,419.02257,4980538.58874,8504.22953,1229454.99058,270223.40319,2552.93895,8278.08242,1023.70911,852.12696,106192.07948,161.52255,,3034.81984,243783.18559,3166.80466,1271.48378,10326.70155,436930.20495,,10258.29988,136388.15843,480.82008,11851.06584,,,,15070.26147,3745389.84089,263.12354,1886.38629,3052.32476,,,
2022-08-01,8725562.8756,7118.89279,2853.46173,3975501.48644,6376.7,145392.88002,1723205.84459,935565.11696,35922.3058,63159.91104,135535.73928,39438.21978,23212.14746,187926.11188,421163.89676,202948.51723,72148.20661,388151.61696,15509.20039,323865.47142,921110.99057,181.13954,1515606.99987,37883.58292,69093.50971,13058.6893,12771326.85271,32296.97954,5423.04752,74702.74769,2151456.27824,781309.89309,108425.66679,269355.2967,11452292.26526,4511484.90057,2902615.43299,,2269521.26214,406701.10709,113391.37279,4087.85187,21229.29368,42.45426,5810.35945,5576.45654,7200.05442,293940.08444,374.28453,5671157.15335,8325.63954,4541478.22244,271863.98834,2697.05071,4938.99901,865.91062,687.99675,100396.90319,166.8489,0.88029,3301.23555,217822.41044,2065.94783,0.00076,9493.78503,545928.34527,,9793.47597,0.19043,231.78982,11955.44231,,,,23604.51188,2812836.57006,113.33458,1787.12429,2846.33404,2694.62556,64161.60785,
2022-09-01,8801270.04512,6796.87939,2846.01174,3969714.75889,6376.7,153600.25585,1746250.4199,912264.19104,35480.11502,63057.32022,134532.6015,39744.70692,21450.61571,274353.90424,412862.28797,202476.26182,74026.17545,384812.67707,13076.92934,330760.35691,922087.57922,181.13853,1551763.96309,36432.0203,71356.92939,11810.40183,12875292.78204,30639.40262,5469.58485,76615.72318,2143116.05797,787883.01424,124289.67329,272557.0404,11506243.20963,4499421.46079,2415119.42559,,2285633.29889,409139.52673,123192.37087,4057.8256,21581.39978,0.51518,5819.02211,5340.21869,6339.4582,281004.87314,364.66747,5739747.76445,8056.79364,4544054.86454,266386.05794,2694.95794,4852.29397,832.59512,666.81832,97133.33716,165.47656,0.88029,2892.48052,213576.6356,1932.22577,,4268.91124,543116.34644,,9637.3275,0.19814,216.53607,11532.10576,,,,23694.42402,1615826.18442,103.32943,1798.13492,2806.37199,2679.69946,64897.05034,
2022-10-01,8435601.34307,6200.07612,2679.87221,3943241.05689,6376.7,151237.28822,1736822.09004,912010.68747,34925.87524,62249.26556,133675.62543,41107.44734,19082.89282,293357.18647,408742.3844,198730.4335,69749.19298,385215.9843,12895.9917,327305.76312,925761.86536,181.06794,1505613.77072,35403.44279,70561.7099,11411.50764,12607441.06497,31369.52865,5518.1059,75885.84702,2137445.04083,792388.43601,121506.37343,252408.17357,11161054.2246,4415779.44341,2204894.82075,,2297719.51137,410158.7079,125755.84324,3993.71043,21603.85649,0.0472,9826.98131,4872.40686,6147.86634,268918.13307,353.95835,5741672.7301,7725.54199,4540034.22812,232163.80416,2683.56931,4704.56316,786.69128,625.76391,93191.78575,160.99461,0.87274,2903.28094,206309.58643,1839.21695,0.00076,3405.15223,540287.01798,,9475.99868,0.00181,199.21693,11088.58866,,,,23639.74764,1565887.99432,94.78738,1807.9391,2762.14677,2676.28898,64786.0957,
2022-06-01,7436762.42289,7678.87843,2854.79948,3707582.20657,6376.7,78729.0635,1521693.85224,1225480.6777,35735.52661,60072.48141,131232.27613,33590.32358,21125.25679,126597.00368,408598.02276,171856.11396,64068.0402,372490.08442,15603.51577,289413.53556,785270.60614,181.1413,1297382.80192,36778.29936,56651.17654,13428.20126,10194151.85462,36124.09267,5273.0711,73474.29062,1848480.91477,763773.891,98621.89072,213830.34324,7908700.43616,4149211.31488,2807196.3444,,1861969.55916,358261.82502,77713.68754,4060.50901,19906.73922,0.09976,5799.0515,6137.92139,7433.9313,318534.67771,398.0805,5237357.12844,7861.56247,4310126.38483,280180.36398,2867.64005,5183.9144,927.48353,740.96272,101723.44911,183.76458,0.89464,3085.3905,225981.1349,2409.24929,2.33593,10343.75271,461500.52512,,10095.02904,,276.30665,11785.44731,,,,21716.26413,,135.53476,1787.28655,2920.27204,2648.87206,64155.98515,
2022-07-01,8342602.30309,7479.85824,2849.04318,3695472.86919,6376.7,79083.77782,1532573.66044,1055015.35247,35492.40596,62299.78093,136848.45071,34164.86076,20809.59022,187580.85986,418106.49675,173488.52602,63088.47878,335790.95439,15613.21828,281835.62639,791235.89163,181.06982,1283922.68306,35787.1294,70012.30144,13835.06288,11256208.43108,33864.60879,5316.87969,73476.56718,1890228.71064,770514.58425,103009.36489,274582.91863,9800008.03086,4182012.85193,2310810.19285,,1866645.01296,358547.33624,81063.75539,4145.57494,20485.24935,0.30814,5811.99765,5876.30398,7384.06745,308430.18393,382.38818,5049578.92436,6912.33688,4266927.51667,280841.91356,2828.52755,5103.80597,896.45835,717.2223,101397.31565,175.2555,0.89441,3092.17975,221720.58796,2249.51011,,9927.30987,490432.81807,,9906.39984,,244.99456,12426.15182,,,,23327.06726,1477804.58862,123.55044,1787.66114,2880.30082,2660.84073,64161.27274,
2023-04-01,5890972.22079,4466.30931,1027.34584,3941081.9139,6376.7,148398.05177,3322560.44362,643466.78181,36213.61394,58941.83812,119844.27087,37774.46805,17361.26993,91223.6971,428169.81653,251300.51722,27364.51074,427328.05455,11821.56209,279513.45562,842730.30624,56.07241,1605816.51289,18074.06833,66324.39852,40120.15313,12957451.68602,14139.54151,4510.78458,65378.80066,1054453.75256,839546.12515,61791.84037,139318.06542,7724353.73326,2900794.3921,1514676.28455,,2357280.02831,411152.06991,118159.54897,3570.00683,21851.15513,,5514.64542,3279.44764,3988.14647,173771.6016,239.75672,6753478.84176,4849.57757,4540998.43812,107538.63906,1151.37791,3938.70956,549.2533,327.81184,1376295.61039,132.45733,,7675.67887,164197.06438,1544.49046,,12389.75486,568386.8094,,11948.41442,,67.90466,7258.89499,,,,16628.03195,1751759.48472,43.86689,,875.54924,749.16028,54477.2527,
2023-05-01,5669946.38352,6086.44276,999.57394,3947117.43219,6376.7,150359.84294,3269763.28654,1126.16787,45696.53209,57886.80484,101738.95338,33432.211,17356.32229,73422.65469,435284.0899,243831.56315,25988.78142,427714.19924,4276.81787,256439.74247,845424.15248,51.95807,1617118.51999,18691.0814,59868.41973,39366.60857,12716652.58036,13260.02399,3713.44118,68355.98497,1026538.56789,839078.25099,94725.57752,132292.92478,7418652.33639,2890039.96706,1542800.46403,,2334420.80484,410323.38413,117061.95548,3492.44178,21865.25283,,5501.59829,2675.27518,3879.02221,164046.11772,229.9197,6737413.80757,4689.14268,4547468.05153,101516.33023,563.22878,3777.08076,522.94255,306.82529,1381229.12838,134.41602,,7666.32522,164811.1478,1504.27686,,12510.41345,563264.01838,,11963.08455,,64.37149,7377.41307,,,,19147.49136,1776589.40831,35.28314,,821.21811,68.32852,54488.19021,
2023-07-01,6293836.59731,5271.27985,925.70174,3941635.69316,6376.7,129297.50325,3235619.18008,1103.23583,54113.464,54804.14234,106278.02299,30715.77039,16774.75077,95166.93731,428466.07784,205017.19786,25315.53983,415474.85364,4131.42111,274847.39516,808991.33711,51.26045,1595137.96032,19203.11749,64188.1621,23272.9834,12841284.75269,9987.25161,2675.11462,68395.75259,1081997.1157,825649.29559,89788.67598,160893.30229,6724385.55852,2936193.48777,1078659.52585,,2345373.16371,415909.50127,113435.52082,5368.83535,21208.65192,,4673.26238,2834.59144,3629.39852,674298.05617,196.46221,6689376.89965,4252.46951,4545252.0932,88632.98294,4452.10977,3133.7181,447.80244,251.86923,1321812.36329,108.75238,,7518.70139,156712.71531,1394.29865,,11890.35129,555640.75438,,3888.36052,,59.46803,7065.46205,,,,17317.07287,1761375.75304,11.61653,,682.67151,,54478.86424,
2023-06-01,6119325.02965,5234.7563,946.56228,3930326.98608,6376.7,143843.63457,3213234.81516,1139.81556,53126.13373,54897.57128,110868.32544,31561.88618,16680.67291,84718.07182,431616.07043,225374.40378,24086.6066,417488.06137,4066.78778,256764.99395,849324.77189,51.46,1576545.38251,17611.82046,65180.27311,39202.46525,12368978.31558,12459.66983,2757.75015,65769.32081,1030273.14749,829370.50392,91565.82485,126181.47895,6894553.43161,2793341.88035,1093291.76623,,2334952.17716,411898.1545,113267.25242,5325.11562,21048.66825,,4681.95839,2945.15207,3694.44441,311739.64196,213.7578,6713772.4078,4410.34132,4550004.06465,93839.07782,2834.6512,3497.65378,478.81116,261.96129,1327611.93832,128.25894,,7369.81368,159848.28679,1425.27906,,11826.49819,559630.33627,,6437.17477,,58.63505,7497.92237,,,,17747.30845,1729698.02018,23.54615,,740.93755,,54331.53513,
2023-03-01,5988913.4878,7028.6926,1052.52244,3916825.79771,6376.7,150479.10486,3367128.68477,646638.82846,33869.54133,62657.63938,119510.99258,39967.44373,17798.73013,90934.73588,404967.34079,276670.31944,30828.95224,410593.96692,11038.68011,297791.8797,841757.59907,99.40914,1570150.00148,19066.79862,65583.96499,40393.49974,12787580.00218,16930.73086,4478.6704,69295.35915,1086309.50407,841856.88896,96191.30409,154388.61593,7427182.54501,2909395.61493,2050965.5448,,2441617.27944,411759.71,119005.08335,3683.10861,22069.50088,,16290.47759,3517.39021,4111.51855,182243.94529,251.40578,6766483.03635,6557.22515,4541109.40502,113474.41191,1749.11357,4120.18099,589.1224,447.09066,1391250.8593,138.23713,,8030.33317,171160.29788,1597.40061,,12644.47992,569493.45664,,12465.34353,,90.86957,7834.22908,,,,18789.20108,1700099.6461,52.26822,,2338.14069,1449.32467,54118.36864,
2023-02-01,6317062.54988,7535.54548,1085.1858,3946042.58916,6376.7,152595.14926,3416279.02599,651029.01602,34397.55211,57872.82783,115734.4416,39942.21329,18336.60189,89869.75184,396682.30045,281066.64653,33709.64657,421672.11216,9079.15684,326868.21392,841653.58689,101.32699,1620203.53688,19610.70599,66966.29817,38510.7679,13069483.51654,18923.18791,4452.49422,69933.10633,1039562.40732,846919.71662,101891.6461,205436.27997,7742286.2353,3080554.50445,2050260.19474,,2432287.86978,411025.09234,120494.91261,3267.90303,22163.49173,,16290.60594,3831.09902,4262.62657,192334.78684,265.60041,6789218.5794,6853.63568,4545756.78132,119099.90677,2319.49702,7109.58197,628.12883,484.55743,1453878.9706,144.34689,,9075.80309,176567.19816,1684.11979,,12591.84126,574100.99064,0.01559,13028.35674,,101.99117,8319.31901,,,,22076.2256,1755942.79581,60.91294,,2420.91079,2106.97789,54324.01483,
2023-12-01,7268447.42639,6101.98599,4924.78762,4434628.60068,5586.7,112306.50188,2976401.83896,14096.83939,48114.28459,59995.81798,150964.53275,27233.49446,21479.19991,118155.92152,146870.12881,148963.52432,310944.96567,435509.22855,58257.76314,55680.55528,829448.87135,73481.88452,1559346.23514,18710.04307,69682.71783,15360.94693,15218522.53218,6052.86164,2297.58274,85674.91149,1193721.80167,777628.5547,99212.46103,185530.39957,8248540.25085,4013180.53506,1053499.06631,,2338429.88292,408071.74175,114161.58486,6412.33002,12488.26489,,4764.85265,3334.80019,2798.61307,624384.06906,173.04587,6391784.78624,4510.1861,4541604.74494,61963.75486,6079.3607,2228.34859,297.52219,189.58355,81443.84953,50.45558,,7478.74476,184848.83639,1199.16706,,6146.50288,516685.9437,,11676.77059,,901.52841,66877.44775,,,,15864.94494,,360.02718,,268.08998,,53673.97578,247.7177
2023-09-01,6660641.28788,5479.56423,4732.39684,3928273.42177,6376.7,125222.82831,3325090.13948,1100.17502,53073.93085,55873.96935,134273.97052,28297.7577,16318.60917,98091.38325,398186.40234,274910.41615,49152.50676,439702.04709,4179.93945,288760.08195,821071.4355,46.44095,1573566.13257,17620.0924,64955.29533,15524.53335,13118244.54112,7128.77395,2521.51686,69241.54186,1175330.67473,809032.62228,88801.05656,185593.31924,7054623.16226,2933896.43046,1079725.05933,,2358080.00532,415834.35354,110084.09507,5353.92711,14773.8849,,4650.261,2643.28107,3370.23034,661321.74103,187.2225,6647028.37368,3877.79823,4552925.54449,83872.36396,6087.2548,2685.18521,387.75225,227.34966,1311286.85467,85.40063,,6723.4893,153007.27761,1302.83687,,12273.75058,532178.46991,,2615.43679,,248.83069,6481.29393,,,,16759.90352,1752160.20113,,,550.53001,,54129.03889,
2023-10-01,6840824.64473,4296.90203,4884.30092,3905925.20629,5906.7,121426.41822,3350051.81752,7072.4619,53275.14224,51414.13939,123980.00866,28179.38713,16439.80399,158599.11058,138472.36217,156078.83921,290687.59088,420781.6569,34787.13804,84690.47774,828499.88603,,1523834.04906,19100.22839,67387.76672,15206.44034,13591141.91104,6644.92071,3067.56204,78614.93818,1174222.51738,800249.57524,92984.76082,189010.32064,7304630.7126,4022681.90605,1110087.3052,,2357591.40866,415499.61422,109422.99885,5253.40736,13473.20561,,4638.60088,2428.78152,3180.03531,647284.45746,183.76046,6522618.95202,3887.00328,4547685.3454,63420.25339,6122.04574,2449.13105,367.88308,215.17999,90782.76616,73.76257,,7530.20892,193273.87811,1272.97608,,11769.6546,524167.11519,,2346.76118,,492.07621,60390.01639,,,,16799.83828,,,,456.33146,,53958.4185,353.73917
2023-01-01,6680873.2898,7709.92767,1108.84226,3943925.88804,6376.7,149244.43891,3537466.52802,650985.38092,30210.00508,58714.61312,120099.2544,40127.27295,18572.75466,94688.61651,397271.74672,279924.19895,36306.61369,417410.35799,9811.70407,338735.76671,839543.13237,126.81088,1593044.54109,20597.76063,67192.5548,26676.58314,13206240.03766,20533.06006,4416.19146,70721.62118,1025544.20796,848191.38484,106801.53176,222926.05731,7826850.92599,3137000.1684,2026755.94376,,2484399.50385,409842.6962,120732.88159,3643.72055,21954.2758,,11142.71188,4173.48306,4382.66587,208169.95553,275.86514,6924679.26309,6962.83897,4542810.32178,124326.2429,2327.73428,7193.46065,666.95773,515.20131,1446991.02085,152.4304,,6697.74578,189950.58415,1744.12565,,12423.54966,576801.54918,4e-05,13371.06245,,107.92221,9039.82839,,,,23775.37393,1715201.74539,69.47322,1756.63488,2511.07184,2721.52689,63906.77363,
2023-11-01,7220256.52274,4064.44614,4910.32121,3904148.97765,5586.7,116644.32266,3131619.7912,6052.02632,49722.12116,46780.1311,123873.11277,26217.38098,19660.21306,179319.36854,141410.33346,153112.83453,303745.6978,417729.16418,51316.89864,44775.6376,824068.08624,,1514901.29607,19731.38842,69649.29185,14989.85493,13978990.01819,6277.88908,3196.26461,79372.26687,1176054.98419,792483.19198,91425.85472,190691.91528,7741887.32536,4032155.42117,1117523.05535,,2352240.09963,413852.04279,112555.82497,5235.01612,12576.42669,,4625.63668,3112.12079,2996.02818,619827.78016,178.13173,6425962.82737,3866.62736,4543688.32554,56841.29462,6055.02533,2366.37378,332.03832,201.72199,90594.10671,62.08699,,7258.89916,188837.06993,1224.10998,,8953.991,513508.47159,,2670.46892,,476.54245,64102.27598,,,,16787.44683,,,,373.90414,,53980.72216,263.09592
2023-08-01,6549806.41214,5547.96357,3435.95088,3936275.61852,6376.7,124731.63817,3123754.87584,1115.67897,53732.2579,55424.15747,112334.90988,29574.32936,8501.74079,104502.591,398536.41882,223834.05919,27272.79302,410076.57104,4107.74389,287311.60432,815471.4068,49.36867,1536535.82774,18521.64549,60792.94395,15550.96234,12981816.38512,8305.95921,2701.76434,68830.00114,1136356.18845,819019.72059,85773.90813,182591.06696,7183103.57202,2924882.78166,1083405.6927,,2349875.25567,415912.21145,111607.72325,5291.79328,17677.15621,,4658.27832,2702.63582,3529.24469,668123.20524,190.22716,6676499.75818,4067.17174,4551629.04707,88870.33643,5847.84743,3427.28709,414.33411,237.32862,1329873.73679,97.1026,,6940.19929,155230.78344,1342.12678,,11770.05626,545598.18901,,3432.64443,,255.53646,6740.0399,,,,16698.19909,1772772.91805,,,612.53413,,54191.70185,
2024-06-01,7961881.83747,6249.7772,4849.97384,4289314.94293,4176.7,121352.43775,3588466.73021,13228.57243,51520.46236,61429.7175,155177.4603,37946.19018,26544.27809,729197.65529,150689.30037,180758.31225,263075.60383,501019.92474,64383.42953,296771.10334,955824.70812,199435.43178,1528928.25339,39908.77759,66415.57101,155750.0849,15278146.09027,6516.03882,2466.57368,96356.37211,1241611.00041,207787.58842,63690.3448,250251.73829,6997763.62407,4219709.20371,1127593.48323,,2624579.27543,441925.26817,138908.51779,7924.50447,8525.93954,,17642.65576,4721.27281,1632.93426,623291.13163,141.59978,6568130.68531,5689.00275,3678566.26756,37118.7129,5842.46534,11397.50426,1083.39553,138.25485,87202.01322,,,8519.95697,182538.21476,1032.9011,1807.35938,1297.8953,624943.52915,,18558.34292,,593.55166,8846.2468,,,,8865.0451,,1449.04072,,0.38676,82461.13432,50748.94185,238.86638
2024-05-01,7855079.66162,5769.58804,4804.55863,4035095.99316,4176.7,122482.58055,2901022.22225,13262.9868,51953.96534,61720.27028,144374.43302,29013.04776,27546.5036,774118.85417,152535.34966,151298.5051,220331.49438,474837.14507,63883.63377,297280.97327,936245.79008,163416.31086,1519854.33739,35856.27169,68646.4864,18918.08553,15325465.41363,6981.46326,2111.56343,99113.70378,1249404.59113,762031.18737,62176.46959,251493.86155,7994951.51963,4261746.39297,1078644.30995,,2589497.16004,436571.21272,136700.15305,7632.90067,8625.95914,,17646.18231,4663.65085,1401.41877,621277.29315,147.12704,6507186.98328,5929.67515,3652862.94005,42627.55838,5923.93609,11613.38094,111.36202,142.60179,85312.43721,,,8338.3939,185523.66801,1062.79082,1836.13265,1814.67596,586747.78699,,21073.82313,,631.6011,8553.116,,,,10584.17511,,1169.57808,,2.00145,,51285.04969,170.9119
2024-04-01,7432837.44931,6655.95196,4867.34581,4028635.40714,4176.7,123583.63323,2800334.36401,13280.72372,48068.13453,62140.2086,132943.86678,29362.35861,23418.48843,645915.87102,126993.47758,156494.55581,215783.67348,463741.22111,63909.85765,292488.08142,927582.96452,159773.87164,1544215.4736,31011.11212,69238.95415,20244.29397,15242422.66987,7226.78456,2194.15073,89621.00177,1239434.00718,736962.99581,65418.42495,218462.2682,7807607.27911,4085994.51468,1051416.79984,,2546063.89031,430700.75933,132444.77305,7695.58295,8728.27657,,4568.41214,4032.95614,2006.11,619702.93578,153.89872,6494154.59018,5964.60507,4646488.52673,48086.13933,6028.65337,11864.30946,115.61334,147.86046,82170.99265,11.45749,,8364.37387,189457.77763,1098.01435,1873.08317,2453.56538,581611.51151,,17405.5932,,666.52708,7383.82095,,,,11990.59513,,281.11342,,5.52903,,51873.9711,186.36274
2024-01-01,7659052.31598,6257.85778,4274.45706,4003107.62609,5116.7,117794.29967,2661780.49186,14261.099,46416.60245,62122.07947,161363.36999,30024.54218,22529.6072,234659.00287,143815.99495,149380.25553,359971.64727,481453.05078,58205.12384,43534.23794,862896.33046,71193.68188,1580586.8955,25512.06073,69554.85696,23499.08962,15316961.90131,5447.58953,2452.27533,85931.48143,1235711.71702,770824.77569,101301.80437,169525.88896,8505212.36717,4092661.362,986680.26536,,2443222.03402,422906.59856,120016.76299,5994.01151,8882.78521,,4666.56269,4251.77118,2659.33147,620673.8218,168.6749,6429042.91822,4586.56163,4601192.17345,64122.51192,8467.69697,2084.22377,283.96283,177.95471,73621.15705,46.81739,,7812.2146,180084.04695,1178.03596,,5109.20116,538902.24593,,13371.00974,,872.91488,69061.68748,,,,14124.86168,,323.79126,,107.51096,,53556.02177,232.00196
2024-02-01,7534055.49305,7402.12316,3625.66247,3978355.08778,4646.7,117634.1,2784763.81949,14321.91722,47908.77974,56916.01635,127947.83119,28765.30632,21957.22615,291410.0984,140658.32168,150310.43689,365629.83014,474089.18481,58282.12951,84161.0036,862267.98806,138852.3289,1581573.53706,26668.36334,68663.36559,22950.26464,14345748.61237,5169.50837,2366.81959,90418.98287,1227324.45128,760452.12703,103880.81859,171883.22843,8554268.224,4045758.73734,1092919.57937,,2444096.71279,424192.03179,120732.4137,7681.81264,8938.72,,4614.22059,4077.75783,2741.91544,617789.58064,165.46316,6376945.34851,4596.37984,4600721.02649,58800.62605,6482.78815,1996.18803,269.7242,166.23613,69505.6885,29.3969,,7563.32216,195940.07152,1161.56169,,4239.96938,544402.39383,,13456.33872,,623.75163,76162.6906,,,,13197.95309,,368.63273,,14.03873,,53000.27952,217.00874
2024-03-01,7462999.45226,4704.35319,2961.99769,4231062.2195,4646.7,116759.77177,2772905.89291,13237.05761,51255.40691,60705.28899,127719.05859,29606.31802,22598.37266,474553.79501,137366.21153,134789.53249,189354.13167,473751.09491,62962.00106,279901.49466,867193.01903,143543.27524,1558279.41541,28591.80569,70189.44685,22034.21519,13890540.38624,5678.71863,2278.42839,94901.26048,1213360.22752,751266.44155,100326.084,177498.7063,8327820.57239,4097681.49531,1065890.25876,,2478454.74619,425017.01463,129150.74885,7799.5419,8972.03784,,4597.92757,3831.5302,2112.29522,622456.16376,161.47842,6377818.31885,5377.62566,4609790.94805,53350.9377,6479.09432,1940.12976,261.02754,155.40686,97253.6904,14.57048,,7759.54165,195271.08919,1142.54535,1917.93575,3278.35362,584941.11829,,17726.92478,,688.07443,7550.50005,,,,12518.39498,,311.69709,,14.03873,,52383.45616,201.22948
