Date,00,01,09,10,11,13,14,15,16,17,18,20,22,23,24,25,27,28,29,31,33,35,38,41,42,43,45,46,47,49,52,55,56,58,62,63,64,66,68,69,70,71,73,77,79,80,81,82,85,86,95,96,19,32,61,30,90,26,53,78,72,74,08,94,65,03
2020-02-01 00:00:00,,73565.56123,,7600.97608,4188.92396,760.41069,920.5691,,1886.89959,1277.23827,1945.47668,1336.78364,4513.65494,7024.4329,381.48581,30885.41496,1428.69026,8914.75604,539.10531,604.13401,997.84374,17334.81546,1380.4585,100159.21058,46247.55188,23234.81593,15716.43541,236157.27703,41462.76493,14250.53045,7374.35026,9166.0281,502.39903,,952.48704,2110.62295,17461.7528,40.0,91827.50712,1891.59025,422.74784,4161.18812,4111.29268,9949.27935,1222.75846,3112.25814,5395.4471,3747.30035,547.68369,1100.30212,817.91007,,813.67684,,375.90743,647.82345,24.07935,,,,,,,,,
2020-03-01 00:00:00,,79637.44525,3002.46769,7242.85926,4119.44956,730.05946,1012.28612,,2238.08441,1191.58668,1881.13701,5047.56859,5157.7658,6871.01183,368.18457,36510.64871,859.17781,9932.14068,523.67605,587.57524,1733.22534,723.69998,1683.35634,88204.27169,24703.77978,25357.79859,13096.67067,247570.1646,44259.5781,14531.00577,7088.52583,9155.21041,460.27038,,913.58183,3819.08197,15465.19166,40.0,93619.64693,1816.86339,1043.11316,5597.20625,3977.85289,20113.21133,8.26002,3135.76063,4351.67658,3742.62209,525.30565,1054.69204,751.44604,965.3217,709.38424,,358.15107,611.26855,15.95585,34.49993,,,,,,,,
2020-04-01 00:00:00,,86804.28906,3033.27442,10291.19016,4056.80339,698.52976,1292.06932,,1877.16764,1105.20175,1818.95381,2608.96831,4153.27771,6445.37856,355.47419,42870.90373,869.94821,9735.91279,508.94606,690.56099,1380.21006,3913.0114,1806.14054,110273.0978,63173.05635,34809.45076,21144.33293,291241.39583,2558.17847,15296.65301,7573.96164,,1529.50237,,853.3352,3724.39344,15805.11066,40.00564,91662.44251,3.81183,2717.2511,2475.29592,3853.29537,24617.85339,1009.46266,3752.66045,4332.16902,3102.73338,503.26647,10117.47476,612.70409,951.7655,463.71099,320.89947,340.80601,167.48472,,,,,,,,,,
2020-05-01 00:00:00,,86928.97412,2974.20866,8652.41316,3694.35672,666.04185,919.16204,,1697.48273,1682.89288,1754.80644,2277.34471,5030.79646,6641.88584,342.32303,42862.16002,693.29065,9621.91237,661.17685,560.69897,1476.20844,4425.85157,1591.35143,89874.48928,90620.57983,32547.67364,19504.13067,300548.71233,2454.67701,13820.14125,7122.04028,,1393.59564,,822.90633,3620.22951,14609.78114,40.0,91619.27947,,2064.38298,2393.6864,3796.42872,23038.47609,828.71876,3413.64637,4461.13726,795.46969,500.86739,10271.89279,602.71624,936.88194,223.95644,,323.17661,,,,,,,,,,,
2020-06-01 00:00:00,,96709.3295,40.0032,8428.67871,3312.86904,634.0928,959.63115,,1658.66941,1584.89972,1691.60941,3535.34707,5235.78733,11185.78134,329.45337,43943.98018,613.28372,9389.33317,618.43095,566.98239,1422.6146,3288.90213,2029.52714,85939.87432,154899.06127,27907.50124,38336.00902,346107.91434,3269.80631,10764.07524,7018.84516,,1257.20282,,1273.27158,3520.59016,10827.2603,40.0,95025.15445,,1982.60673,4057.78286,3744.16029,22965.96736,829.72671,3410.33714,4052.30506,778.66275,500.70141,10239.2294,558.81027,889.78825,176.45582,,305.72482,,,,,,,,,,,
2020-07-01 00:00:00,,99860.71927,3320.38755,7043.07267,3260.39391,601.59096,800.56501,,1616.02688,1478.47715,1626.97989,2400.84927,7838.57985,13498.39672,316.29582,41509.70283,532.74936,9379.76072,575.2482,1217.66895,987.4653,4647.38845,1471.33565,92894.04793,194919.3931,37518.77336,47992.56631,414738.33545,3113.74491,19194.95345,6067.42919,,1119.92993,,1227.73027,3080.68033,12420.38402,40.0,96442.90032,,1899.5958,3671.91828,3688.50889,23190.99108,830.83229,3856.46312,4337.93588,761.43925,500.276,10198.54091,450.83647,862.35773,0.05758,320.89947,288.10405,,,,,,,,,,,
2020-08-01 00:00:00,,97732.18943,3907.5067,8934.15565,2385.54928,903.23389,776.14745,303.64056,1593.27848,2425.02311,1563.17008,2598.96671,9141.42151,8628.05917,2569.20246,46533.98698,452.9821,3627.86354,532.3566,1210.98978,1360.28859,582.16713,2105.12696,129285.45758,156939.37896,49848.61307,50913.5806,413652.23215,3573.70862,23580.78183,5661.59314,,982.10013,,1178.21279,2641.79508,14629.47435,40.0,98457.73024,,1817.46113,4068.25734,3532.72102,18933.30459,832.97992,4586.74244,4209.96105,744.5386,477.85092,10480.56757,458.79267,848.64126,239.08648,320.89947,270.65085,,,,,,,,,,,
2020-09-01 00:00:00,,103205.92056,5099.36719,12818.92343,2231.93588,843.77359,752.38273,844.68977,2528.68215,2290.79653,1498.65203,4262.56458,9583.27364,13514.57986,2162.81731,44348.04068,434.11194,9091.00024,489.29129,1197.08066,1283.95947,1741.135,1871.13477,150570.31612,229416.23428,53336.02299,54242.69671,379766.15428,3498.11362,14467.43448,5530.62369,,843.69171,576.28884,1128.17098,2202.62705,21210.29248,40.0,97347.20374,,1734.66643,5360.00985,3474.86404,14103.38497,795.34723,3938.21605,4196.45619,727.62309,455.0683,10456.61368,524.02996,823.20602,2.10615,,253.09661,,,,,,,,,,,
2020-10-01 00:00:00,8489.67,98545.34564,1028.30643,7320.08809,2281.88595,782.99947,856.8857,444.08863,2988.37419,2158.00725,1433.26108,4130.22397,10923.31284,12935.95321,311.17998,12095.67458,414.74469,8993.61414,446.04965,1178.98971,2187.91255,5399.67021,1990.19219,112999.73207,139467.36641,37808.62525,31841.09697,280276.09968,3021.95027,17654.8127,5442.43759,478.38944,1431.70982,561.0112,488.66669,516.07371,15684.30837,40.0,96337.1368,803.77057,1651.25817,5794.60508,3422.11872,13879.67823,745.60593,5228.02513,3994.97947,683.80485,431.70465,11340.52184,546.25029,786.64517,,,235.48879,,,,,,,,,,,
2020-11-01 00:00:00,8531.49,104706.85415,4451.1099,6741.70917,2333.48942,723.86187,704.65972,508.0208,2890.76701,2022.81798,1368.60079,3681.03419,10502.04232,22330.34765,6574.49953,43698.30065,396.06505,12573.21334,403.08437,1166.68925,2083.70173,3661.86211,1403.74875,158602.39908,191841.78002,56452.61843,35985.83162,318319.47529,3251.78228,22227.13485,4710.56374,439.80176,1296.71753,545.48128,460.89694,473.44806,14213.07016,40.0,101778.31292,738.31066,1567.39677,6015.16382,3353.67846,13646.76997,686.55238,4286.25561,3733.13638,639.82735,408.17825,10947.48902,409.67667,758.8888,,,,,,,,,,,,,,
2020-12-01 00:00:00,8540.43,106707.30961,4379.67747,8969.72185,2383.41488,662.6546,679.68636,386.06681,3279.44378,2221.69255,1000.16253,4178.73833,13296.2588,26507.13316,9361.25057,40399.47376,833.10109,12345.55351,387.72552,1137.0458,2652.17888,6721.44957,1047.83729,219896.50303,256584.66783,64039.13529,37891.50365,368173.45844,4252.83832,19782.48662,4553.75179,399.78306,1235.24393,529.77477,714.2171,430.63297,14295.46198,40.0,21000.48016,672.29503,1483.68781,6731.22163,3281.10113,13200.04052,616.27349,5142.30036,4062.73063,595.72406,384.08265,10900.38459,423.5918,730.38736,,,,,,,,,,,,,,
2021-02-01 00:00:00,8457.87,121795.86413,5968.27255,5132.11302,2486.69804,539.67191,761.7958,586.97218,3506.10024,1919.95884,923.50833,3617.61521,11365.19654,20009.31236,9172.43918,44007.41411,433.52376,12245.82533,854.35212,1079.24943,2291.26023,59254.34857,1002.79779,213623.83887,274449.55111,42238.52674,38283.47632,390439.00325,3956.76345,22264.12468,9137.36143,319.85343,921.71481,498.53666,1916.24636,343.82329,12121.3351,40.0,21297.17994,539.82675,912.55083,6244.54425,3142.03806,13252.19296,485.55375,7785.09054,2690.06936,1439.23428,351.4999,16508.04867,377.06596,870.1144,0.00558,670.53256,,2.74376,,,,,,,2520.07259,,,
2021-03-01 00:00:00,8379.03,138248.0269,1.9098,7132.78124,2533.38521,477.35272,720.43112,950.07255,3561.33547,1823.44891,879.24868,4219.03716,13568.8255,27524.25162,9272.86788,39266.85209,420.81781,11891.78495,833.28514,1047.94129,2781.09391,60682.50829,978.8332,245603.89078,406219.83365,53363.88559,34938.43254,382111.28652,6928.22698,38479.1455,8695.56587,279.75302,1859.16837,482.58996,1783.93947,300.27304,10258.55954,40.0,75110.56428,472.81094,828.7595,8149.74896,3066.13881,13923.60287,384.92864,9044.72277,2146.62271,2535.73287,341.39538,16440.94044,345.98767,825.08732,347.27944,982.59204,,1.70038,336.48727,,,,,,5096.63245,,,
2021-04-01 00:00:00,8365.56,150180.24149,0.20082,6783.0979,2585.06435,710.97238,1519.51759,827.55505,4075.16508,7966.45194,825.997,3918.54842,14039.30183,44489.90681,10066.99219,42833.25612,408.63315,15943.7781,961.74866,2173.33679,2619.49901,59505.9859,956.82471,187336.33618,566709.95506,80315.12078,34332.48585,472359.0923,3670.25991,34169.77989,8519.7681,239.89309,1914.6997,467.06047,1694.52164,256.69048,10188.17351,40.0,22140.17863,2276.01003,747.13726,61848.31962,3001.05873,120767.70132,294.90518,9632.2851,2378.91558,2816.11969,322.0528,16921.7357,452.19856,1147.25167,210.66475,555.98381,,0.64048,305.69485,,,,,,,,,
2021-05-01 00:00:00,8325.0,155111.53894,787.97602,7659.37643,2601.92259,916.59022,1188.55401,906.16023,4345.37071,4813.29015,656.26879,4015.63644,11566.99918,42259.25949,9969.18108,52629.25562,396.08452,17884.46084,455.73556,1437.2823,2904.03846,66258.58967,909.50279,220649.17634,488245.84657,101665.01146,29329.35464,479335.90439,5277.99517,43243.6316,11924.38178,199.89559,2202.69845,955.20707,2073.64355,,8935.55179,40.0,18948.6206,2052.13143,664.43624,42758.87917,4524.87716,15534.54126,203.78366,9261.4719,2464.8406,2756.25374,301.69031,16739.17398,333.82617,1322.93197,424.07676,224.02445,,512.06203,306.43692,,,981.57828,,,,,,
2021-06-01 00:00:00,23375.34,152960.66129,352.2825,10282.30544,2652.7874,816.27054,1821.01887,685.806,4151.25497,2444.68509,791.94662,3798.4987,7976.69685,38597.68152,9990.24367,52331.38716,383.70921,17880.39408,433.75196,1402.89777,2731.7643,60461.71138,912.46141,217684.87261,527004.06421,80994.05007,31330.19618,488095.89324,7173.91309,43220.59331,13176.01211,159.94214,3538.53828,931.38456,1774.56066,,8677.81732,40.0,20053.32298,1831.73381,580.90581,46106.49488,4360.17849,15059.32443,102.47759,9092.65578,1514.98974,4554.70307,290.81568,16632.23586,339.90493,1419.6548,412.80566,247.28197,,933.92584,293.9797,605.4333,444.84402,935.96267,,,,,,
2021-07-01 00:00:00,23101.73777,151977.43617,1.31095,10233.46224,2701.99646,699.95957,2161.31743,637.67552,4131.8178,5636.84107,767.07542,4166.47233,10693.12632,32421.34506,2495.62889,68200.08761,371.11073,18771.37938,411.38466,1689.89714,3221.78551,31371.25104,915.01851,233390.422,521215.8473,78840.591,29796.34769,558604.87791,4367.98275,42710.01815,14447.71355,119.93941,3818.96844,906.98486,1766.70827,,6902.38479,40.0,19005.78701,2774.58953,497.82588,51164.80543,4187.30103,20110.49902,0.00575,8136.52406,1229.07227,3930.18507,270.01171,19912.0078,335.88869,1291.56026,2.32722,216.2853,,6.91979,279.60288,556.04042,408.55244,889.97505,,,,,,
2021-08-01 00:00:00,22855.55771,153863.37656,732.20963,12795.83614,2752.8322,528.3779,1923.23915,482.46242,3886.5839,1337.7364,2129.80547,3713.57282,8689.72306,34193.99918,11301.90273,65227.49435,358.68325,12512.33448,389.28398,1653.66131,3101.97361,18346.13174,918.27585,226099.65431,614751.29135,74450.10751,29548.359,449238.35588,6207.30383,42092.08108,13645.36908,238.34252,3612.91517,882.96426,1626.82982,,6621.90307,40.0,18473.545,3021.62453,414.85574,47016.83274,6793.80666,40599.72756,0.0134,7189.24339,944.35361,7567.84562,233.87833,19778.71678,297.62564,1216.44477,2.39709,244.9646,,7.18447,265.28439,506.5356,372.15306,843.92687,555.08411,,,,,
2021-09-01 00:00:00,22832.94587,147245.15436,752.13049,9942.13969,2803.6675,308.89972,1710.50185,388.57499,3668.29763,6845.28244,2078.48568,3501.69806,6140.88834,33452.23276,11096.6894,65004.11129,346.15963,17760.83393,367.01482,1607.83493,4586.94012,10735.03715,921.65074,242072.66011,556697.63833,73540.15453,30637.78007,509834.70585,5820.44402,46725.18364,12989.52541,185.87807,3105.403,858.69016,1486.14697,395.14105,6239.08259,40.0,20306.62474,2588.7445,331.55795,53708.49818,6552.67186,11935.26957,0.12169,7118.59679,938.14559,7237.03544,1153.95869,20595.12893,222.99048,1145.86302,403.6672,132.30789,,0.02483,250.9313,456.78476,335.60302,797.67077,532.65395,,,,,
2021-10-01 00:00:00,30564.24119,138980.83114,8.01731,13291.86587,2852.9387,264.67649,1878.07506,254.14031,3225.72199,1137.67662,1971.74162,3398.17741,7751.98627,56017.19823,1900.74005,56381.86785,333.52799,17683.17993,344.58719,1561.23382,4396.24408,17920.98736,901.37129,259681.71562,506839.81921,70816.99793,22447.09421,462449.2722,5600.7344,46695.62695,28608.09983,132.67833,2903.40047,834.25132,1344.836,386.63354,5575.84262,40.0,19508.67043,2290.36686,247.98446,30666.33746,5125.79509,11547.61499,0.04863,8192.91363,1465.50664,3683.2926,2240.65289,22736.19386,364.42171,1152.92788,1.26881,100.32128,,,236.45777,406.78827,298.867,751.08596,438.61412,205.29007,,,,
2021-11-01 00:00:00,30277.2989,135312.08569,0.12614,12519.13745,2903.94342,220.40221,1866.00501,2.17946,2886.08002,1065.65917,1897.54484,3411.96204,6920.29349,55409.24167,8346.6713,62775.22757,321.02866,11931.96885,322.40474,1823.38702,4278.97583,12802.72366,882.03131,248830.90548,416607.38033,59785.75979,27827.6574,445052.21267,7404.5736,71612.50994,38423.09169,119.52632,2324.79739,810.15237,1203.52231,375.80587,5227.99898,40.0,20000.95084,1991.18356,164.35282,28250.70764,4893.92064,10737.38053,0.00777,8165.89246,1391.9904,2995.21077,3666.91903,22530.32783,276.10015,1045.3252,319.50045,75.4457,,,222.03463,356.65347,262.01394,704.40343,415.8649,188.39823,,,,
2021-12-01 00:00:00,31256.64152,142336.54722,403.3748,11501.94177,2953.38986,175.84485,1725.08962,93.99562,2555.17242,1009.62888,1762.16998,1456.23345,7089.74535,33584.3233,7978.34015,47174.9953,308.37446,18160.95448,2495.88764,2159.64098,4333.2454,7529.18943,897.02782,219749.13318,452905.1881,63255.05422,27728.37811,488993.8118,9770.47602,76513.58996,99362.80732,106.28543,2122.58262,785.64895,1288.24676,364.67843,10382.94762,40.0,20936.00107,1690.72827,80.46,26808.99741,4709.66084,10385.86745,0.04169,8293.24323,1291.2665,2801.09113,3483.99906,22457.26595,303.01423,980.41827,,50.34211,,784.05697,207.45814,306.25005,224.97832,657.41139,393.02627,171.44348,,,,
2022-01-01 00:00:00,31376.61207,132605.49562,676.78353,12473.24752,3004.57286,131.43744,1696.42739,1505.15949,3297.54412,936.20685,1209.12273,3219.01634,7347.43827,36351.97367,1233.76839,41542.90367,295.81692,11110.99004,1910.12266,2097.23171,4124.38812,6891.22356,912.68668,199405.39329,149011.77566,37599.76136,24452.23904,324862.96445,9237.2711,52298.83652,12733.81284,93.09602,2148.65982,761.47286,468.85164,353.83263,9695.36658,40.0,18956.03009,1389.42597,,5524.36375,4627.53474,10102.76371,0.00942,7802.99879,4019.89592,3080.3561,3286.00819,22240.382,288.40591,992.86214,595.79519,0.07761,,840.051,192.93155,630.69529,187.8348,602.86378,370.1679,154.43768,,,,
2022-02-01 00:00:00,33108.5359,129662.94874,3.24874,13393.3343,3055.8498,121.42247,1692.70629,1639.64125,3363.83298,877.07476,2032.08016,2763.73664,7288.29237,46725.26873,1033.65664,41958.73111,283.19965,10289.30345,1842.06369,2039.33765,3910.35083,6010.93949,928.51455,207950.93648,352460.61646,40270.71296,23800.42865,429023.70577,10221.69146,55171.40968,131165.30758,79.86403,1978.60542,737.11503,378.5635,342.88913,13663.63528,40.0,18109.80285,1277.03796,,5735.68914,4453.95615,13246.801,,7552.24677,3998.13227,4060.59273,4686.03072,24368.13496,174.01546,904.65155,1487.81019,0.14493,,90.84134,178.29798,576.76592,150.52228,555.48241,347.24636,137.39351,,,,
2022-03-01 00:00:00,33654.41247,134275.55095,0.08881,11280.70692,3102.24407,111.2551,1697.49728,1620.13822,3169.23011,816.31329,1958.51655,1664.97952,7544.51189,53553.70305,827.74382,63808.14525,270.37216,20028.2234,1772.52212,1933.57005,3431.75235,5615.44,942.95658,197604.69775,444727.80191,56869.19294,24611.39166,487224.75616,9279.52444,60205.65592,42007.54845,66.27207,1781.70662,712.21612,315.29476,331.38425,13274.8362,40.0,17209.61568,957.30186,,3985.9228,4221.7308,12895.35179,0.02264,6058.32558,4148.74569,3298.97213,4481.54709,24038.23889,192.49261,918.43805,1391.70855,200.63927,,2.02513,163.52409,519.04252,,514.22409,324.17945,120.25194,,,,
2022-06-01 00:00:00,33654.41247,132423.79185,,8383.48623,3255.03844,81.29311,1463.8412,1389.66715,2289.87235,769.41642,1965.08884,1887.89131,5736.2285,53168.97553,450.2166,63006.73432,271.84048,20083.45081,1732.37284,1787.45037,3097.37291,4858.69562,1020.66147,192140.84525,138252.98379,44698.59521,23561.91681,384139.69412,7964.21457,50552.40211,9855.91424,67.13665,1453.78356,430.35383,169.95225,296.5961,13001.15003,40.00351,16348.72984,219.84514,,6843.71662,4293.4435,12679.16821,,4584.97278,3696.06261,1939.7273,4536.91367,24247.10914,153.78883,874.72688,1157.18193,,,,148.78793,346.78199,,380.24306,275.01875,111.28565,,,,
2022-07-01 00:00:00,33658.64829,130952.13989,,8099.64444,3304.96514,1049.43095,1479.82175,1363.70975,2161.60558,750.90434,1971.29924,1512.78166,5628.53823,53160.45189,413.08923,63471.31371,272.25551,18464.11347,1716.74716,1733.80336,2512.46855,5169.63822,1036.53391,184627.48358,134291.93132,37603.78069,21651.2409,372673.50358,6145.5574,48527.6331,9117.40593,67.82773,1426.44467,433.77529,163.68808,287.31699,13377.94485,40.00365,16011.40741,109.84664,,2764.33669,4305.38692,13270.97501,,3486.49177,4064.19834,1942.54314,4391.77176,24204.20674,136.49346,785.14579,2428.44287,,,,149.15926,340.39094,733.07306,331.80171,243.54118,106.62921,,,,
2022-08-01 00:00:00,42073.2816,129081.80226,,11028.27339,3356.61092,1028.48287,1526.54594,1339.25582,4094.01592,663.13579,1926.6744,1745.54437,6100.09981,52735.86876,375.91938,62624.11895,233.56072,19496.11457,1694.71668,1681.58684,2489.03523,4892.24299,1052.93532,199262.80421,150960.96647,51659.10246,18539.26127,357799.54707,5347.09912,46043.63745,7776.19189,68.33359,1386.40184,407.51076,163.96816,276.38243,13282.48251,40.0,14464.48528,93.84748,,2697.69092,4329.56941,12998.05556,,3254.22521,3432.43669,1937.26552,4040.59835,23942.26337,127.7255,731.48143,2360.84112,,,,119.41786,334.3293,733.51455,283.155,214.10941,106.96988,,0.00503,,
2022-09-01 00:00:00,42073.2816,127412.49842,,10139.71335,3408.31209,997.78256,828.35196,1313.53386,1950.37062,475.92286,1872.0703,1503.18347,4728.37368,52665.8264,576.12105,60881.85394,194.47218,18927.98443,1387.87438,1790.839,20524.42914,3946.31467,1069.33673,195073.95961,126761.87208,45458.20275,12818.83421,327724.87507,5020.9635,41187.01621,7706.58997,68.93855,1251.05934,410.92846,57.86947,265.1543,13225.48036,40.0,13874.25178,77.84818,,2495.13416,12284.45639,5598.67459,,2964.71424,4679.19486,1656.17482,3120.63356,23095.27644,99.8734,712.73602,2270.31409,,,,119.67555,327.90267,660.87955,239.31393,184.61174,87.16474,,,,
2022-10-01 00:00:00,64037.97678,122400.46423,,8765.03731,3458.39923,966.00806,716.35891,1287.2768,2492.39985,426.88659,1874.40498,714.40974,3973.41639,39517.83366,538.59069,60177.61935,181.59658,18182.02214,1315.09547,1571.34328,21238.51242,2381.59277,1085.20917,189033.89314,127575.76639,30150.69073,10703.04032,332127.05802,4886.41686,39851.92587,4704.23067,69.52399,1200.55573,414.24579,27.99698,253.83417,11926.68397,40.0,13356.99962,61.84871,,2350.31559,12050.49341,5425.62662,,2720.74972,4241.92939,1580.6141,3013.87858,22826.5502,72.07778,703.43453,2168.46865,,,,119.95789,321.40024,645.69497,195.21913,161.85969,82.43556,12124.7793,,,
2022-11-01 00:00:00,64117.36502,114692.63607,,7567.34077,3510.21349,935.41644,689.61613,1263.07601,2346.83591,357.26732,1787.13107,1846.58318,3310.34243,32060.6342,491.05277,60135.7873,168.81705,18117.67867,1244.29211,1517.48708,20733.03851,5446.87993,1101.61058,186312.30675,135809.11665,37996.94028,12767.32648,331868.32812,6671.8637,39096.1714,7288.71371,70.12895,891.83012,367.53227,85.77222,242.83568,2999.60591,40.0,21774.78509,45.84912,,2228.20516,11975.63409,5250.55602,,2093.27984,4217.57063,1513.1149,2805.47812,22537.8171,65.01304,694.63249,2069.64674,,,,120.27362,315.36869,631.75684,150.9544,160.8843,72.69602,12107.71598,,,
2022-12-01 00:00:00,64117.36502,115191.1122,,7476.98511,3568.69197,902.77459,497.06029,1608.35821,2185.34392,276.13573,1783.03323,1641.77075,2821.01144,31674.68645,452.83206,59397.05935,155.95325,17909.84751,1143.8156,1458.76982,19736.22007,8822.95633,1117.48302,185020.39815,149439.93345,40963.58033,12049.26029,339991.61062,6461.77918,40194.04783,10145.50087,70.71439,872.58609,370.52341,87.21492,230.92161,2893.11216,40.0,22835.3528,29.84938,,2094.95212,11891.43928,4833.62894,,1504.58823,2690.9192,36.02731,2674.96172,22233.96467,57.716,685.42703,3292.98222,,,,697.99248,308.15911,615.31866,,160.89481,62.9081,12253.13402,,,
2023-01-01 00:00:00,64117.36502,114092.18936,,7356.97945,3630.50316,870.26043,635.09468,1570.90126,1640.37176,202.48304,1720.82207,1863.46298,4629.55613,25110.06265,404.4224,40834.60816,143.13741,11521.52174,477.6616,1626.54387,16916.19097,4441.57323,1133.88443,177344.76119,128309.50439,21916.78901,11943.6637,277973.6493,6189.10983,38158.94954,19423.60058,71.31935,854.4086,336.27026,,219.27077,2533.12094,40.0,20102.33435,13.84951,,1920.05299,11811.30136,4628.87516,,1299.82626,2491.08076,,2545.72804,21851.36359,50.53305,676.4857,3161.52098,,,,683.45799,301.28442,599.5547,,160.91915,53.10899,12215.92597,,,
2023-02-01 00:00:00,64314.71588,112212.33611,,8146.53888,3692.29035,837.0907,430.09035,1532.64783,1452.41931,163.18695,1647.40532,360.29046,4137.02758,23108.57536,345.37724,52843.81455,130.24752,16522.92646,465.87758,1344.02158,16699.23503,4193.51974,1150.28584,176311.96907,132504.64717,22403.02968,11758.54122,261014.28176,3949.21826,39908.61474,40038.27725,71.92431,835.75043,339.09888,,207.52977,8265.713,40.0,19823.4542,,0.00301,1808.43096,11727.07504,4463.21402,,2056.97005,2392.26048,,2408.50714,21530.47524,43.34208,675.63978,3019.22252,,,,546.78715,294.2227,583.48638,,137.45808,43.27201,12128.72346,,,
2023-03-01 00:00:00,64314.71588,113370.54904,,7744.06409,3739.26458,815.25018,192.106,1492.82373,1222.38141,127.0989,1560.27494,1844.25958,5928.01336,22946.63628,306.90805,56587.55959,117.27373,17257.38214,450.46702,1282.36647,16507.50101,6365.97925,1165.10002,173373.99411,263345.11661,22213.37129,11621.26672,261324.86856,6534.89927,41349.91186,43225.09678,72.47072,983.19282,338.82519,,195.54295,8117.25303,40.0,16630.68165,,0.00313,2327.65853,11527.04991,4292.04303,,1914.67218,2285.01699,,2025.74366,21228.43238,36.03672,673.53437,2872.30987,,,,530.37512,286.87066,566.79844,,113.90654,33.39195,11372.48433,,,
2023-04-01 00:00:00,64314.71588,110397.19649,,7447.28787,3791.27177,,981.12006,1122.09438,1229.16155,83.81714,1473.92556,1686.36211,5744.44311,62391.17954,258.5126,62933.56501,104.40359,11015.38229,435.33729,1405.40821,16366.33483,5143.73797,1181.50143,202975.97827,143748.56978,39433.83497,12176.81292,248119.26918,6384.08827,35796.04373,11695.64037,73.07568,968.06249,336.27043,,184.1579,7968.80307,40.0,15379.19038,,0.00326,1226.1948,3577.46544,10602.18519,,3206.9995,2181.45297,,1557.84601,19365.65265,28.89839,507.58229,2734.15348,,,,,280.25203,551.74242,,90.32315,23.48778,11347.94533,,783.3857,
2023-05-01 00:00:00,64588.72403,112880.0078,,6070.66779,3841.60136,,772.93312,1093.8837,1076.66522,71.58068,1388.33893,2090.69284,4888.9833,4908.43695,151.35841,54426.89105,91.42961,12174.03738,574.60802,1496.17161,16115.69874,4171.25853,1197.37387,186536.12013,147649.93062,38776.87032,14718.33846,260087.86665,8897.46822,37090.52557,22992.63777,73.66112,911.30947,336.11467,,172.46318,8245.8414,40.0,14731.48495,,0.00338,1279.74415,3552.07294,10152.20731,,3397.16482,2224.22208,,1519.0371,19041.52977,21.67063,504.21292,2591.09215,0.47939,,,,273.2401,535.70085,,66.67247,8.55009,11125.84054,,747.89446,
2023-06-01 00:00:00,64588.72403,121375.2918,,6638.06582,3893.60855,,749.35242,1065.51245,985.04846,,1303.22776,2037.82278,3832.04329,4662.85015,129.80967,96980.28582,1204.08383,11965.86814,459.7465,1452.40686,17901.68143,3556.34257,1213.77528,201872.36387,115313.28731,38645.48687,14729.18055,219933.31497,8348.78993,43104.58414,26675.22237,74.26608,4122.25574,335.91005,,160.75239,8022.40642,40.0,14414.04838,,0.00351,2259.48287,3395.56122,9668.9789,,3210.70246,2119.78592,,1480.16081,18589.75764,14.46734,485.74435,2448.15626,,,,,266.18251,519.64647,,42.97006,,10462.06287,,709.21641,
2023-07-01 00:00:00,64588.72403,123141.98286,,9019.66951,4862.39374,,1849.96444,1036.20347,913.69104,,1216.88022,1682.64632,2556.74699,4502.58318,108.49186,104800.44815,1852.13676,12292.68449,59539.65007,1403.72409,17819.96271,3687.76449,1229.64772,190964.05174,182273.53242,44731.0763,29789.7766,226640.55544,8914.04172,50698.671,18118.01288,74.85152,3658.76179,335.44925,,148.94465,7910.19537,40.0,14118.39872,,0.00363,3260.95788,3368.73467,9080.76435,,3050.38754,2435.18594,,1439.79942,18909.43043,7.24366,466.73466,2303.29421,,,,,258.89459,503.11668,,1483.96996,,10273.6897,,669.77813,
2023-08-01 00:00:00,64906.85111,121697.71589,,10598.41658,4833.89768,,1902.26118,1008.299,1332.29863,,1130.7241,1589.92366,4648.08739,4460.77151,107.94255,103658.9192,1803.8259,11896.23176,147.85703,1353.87154,17521.54449,3217.09651,1246.04913,188015.54086,149826.43534,46082.62574,30497.28819,269413.23126,9049.62327,55008.15135,15591.03899,75.45648,3156.50999,335.18349,,137.33019,7695.33174,40.0,12686.31587,,0.00374,3535.5449,3345.24818,9226.13268,,2891.52334,2413.32962,,1401.57638,18536.58478,,447.7668,2161.28494,,,,,251.92112,1038.3313,,1466.22602,,9961.34365,897.32582,629.83793,
2023-09-01 00:00:00,64906.85111,134546.14977,,10271.46793,4794.45854,,2525.52747,978.44123,1735.58545,,1045.56041,3838.55466,7802.94835,4956.96742,107.44058,75645.92887,1749.0913,11489.5667,63.25755,1317.69375,17107.13371,3883.35148,1262.45054,189124.86424,196669.46112,53352.81447,30624.71296,235187.43565,8945.7544,51119.68988,14981.25372,76.06144,2649.09889,324.65142,,125.45032,7924.70948,40.0,12587.50552,,0.00374,19960.18215,4340.58905,8724.13481,,2733.83777,3931.04918,744.3982,1360.58826,22197.75256,,428.54514,2015.51463,,,,,546.54172,1016.17141,,1441.35981,,10966.64534,873.5976,589.40639,
2023-10-01 00:00:00,64906.85111,133691.68109,,10658.0891,4754.4826,,1738.99149,948.27304,3421.98396,,957.68514,4794.57296,6739.07105,4970.09836,106.88348,79597.38349,1693.53409,12548.76449,,1685.36376,16879.91248,4102.69923,1278.32298,185091.06713,168465.05871,52593.82868,36911.70554,224752.44265,10790.37472,60672.64927,20443.62149,76.64688,2132.93729,314.02268,,113.54166,7708.87585,40.0,11789.46643,428.91295,0.00374,9747.39438,4275.76268,8063.20179,0.88424,2576.72069,4211.5732,735.4656,1723.86376,21794.26972,,408.76632,1455.32931,1.95174,,,,533.85085,989.09861,,1415.46421,,11737.70535,848.822,548.30411,1241.7259
2023-11-01 00:00:00,64873.13956,123996.64525,243.38827,10425.34391,4715.2071,,1656.16991,919.11807,3244.11584,,869.9856,4535.19069,6750.90424,2762.55461,85.63636,69728.69007,1639.26269,12233.66286,,2779.67756,16669.36735,5864.16407,1294.72439,184270.38286,93798.99906,44581.91383,32398.58039,225315.24647,10537.17173,68095.41849,21424.03353,77.25184,1614.47488,303.56438,,101.84494,6375.63917,40.0,10634.9519,426.34071,0.00374,7596.2023,4209.68686,7725.36087,,2418.59925,3689.22146,715.26423,1673.158,21388.03234,,657.59681,1372.05157,323.42301,,,,521.79246,964.21733,,1391.5961,,11328.9813,824.61226,506.86797,1237.38023
2023-12-01 00:00:00,64889.72983,112848.07145,223.66278,13153.34535,4675.16143,,1571.02928,888.98791,3538.06864,,781.86133,4239.47275,6375.6333,3114.38848,85.04733,68702.77077,1583.45508,17636.37204,,2673.98275,16438.45383,6684.94795,1310.59683,183370.16022,143850.33928,46949.54576,25221.01492,213297.06699,11911.941,70301.7143,19920.02524,77.83728,14196.06254,292.95502,356.41599,90.06184,6375.98452,40.0,9345.30903,418.92826,0.00374,29179.26457,4139.78566,7071.31422,,2273.15558,5853.9843,693.86439,1615.38794,21213.13184,,617.1443,1287.00829,9.37586,,,,666.46478,938.0394,1998.94527,1365.59041,,11149.90708,799.8269,464.77533,1215.8349
2024-01-01 00:00:00,67756.81437,110592.48998,203.75117,12487.4233,4635.65428,,1487.27885,859.77462,3105.94404,,634.90828,3608.06893,5705.79287,2995.40821,,56100.02807,1542.15557,16900.31524,,2591.54982,16223.86718,3914.28995,1326.99824,176353.18817,99216.69014,45059.06988,29596.0934,217242.8406,11062.40906,79001.21955,24316.30735,78.44224,567.11259,282.52328,348.78286,78.44706,7206.63442,40.0,9373.57298,412.03936,0.00374,11938.90167,4073.53682,7142.60395,,3054.20049,5604.85304,1501.37681,1559.15838,20801.31705,,544.34489,1203.56846,1898.11476,,,,652.45186,912.93421,1944.8241,2561.21122,,11160.86246,971.3458,422.25983,944.18058
2024-02-01 00:00:00,67923.23617,111714.49826,183.74807,13194.11505,4595.80823,,1402.38066,1106.23426,2893.33526,,626.26259,1943.812,5510.36147,2888.00828,,84694.76961,1500.20297,17418.31501,,2558.5728,15725.16367,10310.83648,1343.35476,176696.72489,95012.77035,41867.50676,26845.65066,240252.28155,11222.78498,89056.83324,25118.87632,79.04555,545.26843,271.99673,339.0341,66.80431,7061.2486,40.0,9429.93746,405.42333,0.13,30122.74179,4005.28075,7841.28072,,2901.42495,5539.04274,1472.2814,1501.99189,20850.64688,,526.0365,1119.58773,,,,,637.45491,2496.8665,1884.06088,2538.2444,,10509.22769,930.83897,379.08462,923.6966
2024-03-01 00:00:00,68520.60828,107326.23388,163.62462,12741.37864,4555.25087,,1315.81337,800.04931,3341.7743,,534.87996,3173.67352,5984.72109,6029.67029,,89258.50625,1457.02725,12799.30994,,2481.07826,15402.33227,10043.72479,1358.65627,178862.39462,130132.1287,43919.80586,23744.2986,252381.06954,10889.17544,95574.95674,26083.6528,79.60993,522.83037,261.34257,328.96634,55.19115,6855.38088,40.0,7089.60148,397.22816,,19748.02951,3933.61733,7301.58645,,2746.45718,5812.60282,1426.91923,1443.75572,22169.36369,,507.14514,1034.79763,,,3830.74831,,621.78074,2442.5043,2634.02802,2699.27792,,10103.90895,889.66166,335.19458,905.72658
2024-04-01 00:00:00,70338.54919,118054.19264,143.45311,13554.34413,4515.79051,1290.03918,1231.27789,771.65938,3158.13781,,467.54495,3295.84753,4567.76298,17336.80144,,19787.78659,4295.21589,13490.58408,,2468.93903,16042.70054,9877.87113,1375.01279,190474.17754,124771.1687,47514.76966,35342.74684,224777.29145,11047.68614,100413.29279,27470.86222,80.21324,861.23511,251.06578,309.1592,43.77177,7269.02596,40.0,7749.95478,390.5773,,21922.89586,3700.98188,6801.13766,,2605.55994,7960.20294,2047.34646,1388.13748,21323.31508,,742.95028,952.56002,568.58906,,12381.33941,,607.69962,2393.55875,2561.44585,2447.20122,,8474.15308,849.45554,291.08427,890.28931
2024-05-01 00:00:00,71919.38644,133792.12994,123.16109,12976.66336,6414.10295,1843.84509,1019.76288,798.13758,4907.1145,,302.0459,2747.63811,5988.87236,18589.70947,,41512.39705,4112.90302,13728.2389,,3510.2384,16261.32774,6465.02809,1390.84181,192373.42536,201383.80131,50454.43564,41944.19626,230473.32667,12539.15712,122206.26413,21359.76987,80.79708,4884.56223,240.48887,299.26553,35.70475,34050.58143,40.0,8669.14451,3239.72129,303.60565,14003.06419,3207.33589,6367.37083,,9371.30953,9364.571,2043.4807,1402.94119,22891.51875,463.29722,902.70257,938.71728,537.47614,,14966.61489,,635.90955,3192.67283,2486.28523,3408.55977,0.30658,8053.71656,808.37422,246.41495,949.10586
2024-06-01 00:00:00,73426.53023,89608.51636,102.81176,12848.09358,6327.16909,2072.44721,984.20258,755.96403,4697.43151,,293.33788,2748.21581,5755.62938,12185.96898,,75298.58646,3081.46153,13319.25994,,3216.43582,15858.40817,5686.28017,1407.19833,196896.68773,261089.39345,56656.92785,38329.05305,244607.92459,14424.78855,128438.40305,18869.35842,81.40039,4860.36801,230.08447,279.34583,4355.53718,34358.0896,40.0,8305.74033,3183.34882,295.37595,2895.96809,3041.8945,11573.73685,,9140.2344,18833.9343,1950.93567,1328.92505,21925.91194,453.59338,860.84338,835.98921,799.17351,,14677.81867,,611.77888,3149.279,2412.59187,3324.64825,5344.41463,7816.60401,767.75088,202.69629,910.60327
